Model,Overall Accuracy,Differential Diagnosis,Geometric Information Assessment,Location and Distribution Assessment,Negation Assessment,Presence Assessment,Failed Extractions
CheXOne-R1,0.8803,0.8447,0.7374,0.8038,0.9110,0.8799,0
Eagle2-9B,0.6939,0.7212,0.5084,0.5761,0.8568,0.5403,10
Janus-Pro-7B,0.6270,0.6923,0.6592,0.6235,0.6764,0.5483,0
LLaVA-1.5-7B,0.2632,0.2628,0.3464,0.2571,0.2576,0.2690,0
MedGemma-4B-it,0.8344,0.8190,0.6872,0.7504,0.8979,0.7935,1
Phi35-Vision-Instruct,0.6180,0.6990,0.4469,0.5252,0.7527,0.4643,0
Qwen2.5VL-7B-Instruct,0.6867,0.7451,0.5642,0.5609,0.8802,0.4892,0
Qwen2VL-7B-Instruct,0.6835,0.7661,0.6760,0.6160,0.7048,0.6363,0
CARE-X,0.9083,0.8975,0.7598,0.8193,0.9493,0.8887,0
