Rank,Model Name,Institution,Model URL,Overall Accuracy,Differential Diagnosis,Geometric Information Assessment,Location and Distribution Assessment,Negation Assessment,Presence Assessment
1,RadPhi4VisionCXR,Microsoft Research,https://www.microsoft.com/en-us/research/,0.940,0.933,0.749,0.883,0.965,0.931
2,CheXOne-R1,Stanford,https://github.com/YBZh/CheXOne-R1,0.8803,0.8447,0.7374,0.8038,0.911,0.8799
3,MedGemma-4B-it,Google,https://huggingface.co/google/medgemma-4b-it,0.8344,0.819,0.6872,0.7504,0.8979,0.7935
4,Eagle2-9B,NVIDIA,https://huggingface.co/nvidia/Eagle2-9B,0.6939,0.7212,0.5084,0.5761,0.8568,0.5403
5,Qwen2.5VL-7B-Instruct,Alibaba,https://huggingface.co/Qwen/Qwen2.5VL-7B-Instruct,0.6867,0.7451,0.5642,0.5609,0.8802,0.4892
6,Qwen2VL-7B-Instruct,Alibaba,https://huggingface.co/Qwen/Qwen2VL-7B-Instruct,0.6835,0.7661,0.676,0.616,0.7048,0.6363
7,Janus-Pro-7B,DeepSeek,https://huggingface.co/deepseek-ai/Janus-Pro-7B,0.627,0.6923,0.6592,0.6235,0.6764,0.5483
8,Phi35-Vision-Instruct,Microsoft,https://huggingface.co/microsoft/Phi-3.5-vision-instruct,0.618,0.699,0.4469,0.5252,0.7527,0.4643
9,LLaVA-1.5-7B,Meta,https://huggingface.co/llava-hf/llava-1.5-7b-hf,0.2632,0.2628,0.3464,0.2571,0.2576,0.269
